sname,dname,numtsttakr12,numtsttakr11,pct_erw_bm_12,pct_math_bm_12,pct_erw_bm_11,pct_math_bm_11,imp_erw_bm_12,imp_math_bm_12,imp_erw_bm_11,imp_math_bm_11,tot_imp_erw_bm_12,tot_imp_math_bm_12,tot_imp_erw_bm_11,tot_imp_math_bm_11
Belmont Senior High,Los Angeles Unified,102,174,0.3039,0.1373,0.2414,0.069,0.23527938,0.10629766,0.18689188,0.0534198,24,11,33,9
Canoga Park Senior High,Los Angeles Unified,113,275,0.47790000000000005,0.1593,0.3527,0.1345,0.36999018000000006,0.12333005999999999,0.27306034,0.10412990000000001,42,14,75,29
New Open World Academy K-12,Los Angeles Unified,68,79,0.25,0.0882,0.2785,0.12660000000000002,0.19355,0.06828444,0.21561470000000002,0.09801372000000001,13,5,17,8
Antelope Valley High,Antelope Valley Union High,83,299,0.44580000000000003,0.10840000000000001,0.24080000000000001,0.08360000000000001,0.34513836000000003,0.08392328,0.18642736000000001,0.06472312000000001,29,7,56,19
Paramount High,Paramount Unified,932,1058,0.37770000000000004,0.1985,0.3715,0.1824,0.29241534,0.1536787,0.2876153,0.14121408,273,143,304,149
Tranquillity High,Golden Plains Unified,27,104,0.3704,0.0,0.1827,0.009600000000000001,0.28676368,0.0,0.14144634,0.007432320000000001,8,0,15,1
Buena Vista Continuation High,Chino Valley Unified,79,39,0.07590000000000001,0.0,0.10260000000000001,0.0,0.058761780000000007,0.0,0.07943292,0.0,5,0,3,0
Chino High,Chino Valley Unified,354,383,0.49150000000000005,0.2373,0.49870000000000003,0.2533,0.38051930000000006,0.18371766,0.38609354,0.19610486000000002,135,65,148,75
Esteban Torres East LA Performing Arts Magnet,Los Angeles Unified,31,100,0.3548,0.0323,0.4,0.08,0.27468616,0.025006660000000003,0.30968,0.061936,9,1,31,6
Arroyo Valley High,San Bernardino City Unified,202,554,0.5099,0.2525,0.3773,0.1643,0.39476458000000003,0.1954855,0.29210566000000004,0.12720106,80,39,162,70
Compton High,Compton Unified,65,320,0.3846,0.1385,0.3156,0.1188,0.29775732,0.10722670000000001,0.24433752,0.09197496000000001,19,7,78,29
Saddleback High,Santa Ana Unified,321,97,0.3302,0.2492,0.5052,0.433,0.25564084,0.19293064000000001,0.39112584,0.3352286,82,62,38,33
Silverado High,Victor Valley Union High,114,517,0.5526,0.193,0.35200000000000004,0.10250000000000001,0.42782292,0.14942060000000001,0.27251840000000005,0.07935550000000001,49,17,141,41
Stagg Senior High,Stockton Unified,73,36,0.5205000000000001,0.23290000000000002,0.5556,0.3889,0.4029711000000001,0.18031118000000002,0.43014552,0.30108638000000004,29,13,15,11
Farmersville High,Farmersville Unified,60,60,0.35000000000000003,0.1,0.4167,0.0833,0.27097000000000004,0.07742,0.32260914,0.06449086,16,5,19,4
Hueneme High,Oxnard Union High,402,365,0.29100000000000004,0.1816,0.38630000000000003,0.1726,0.22529220000000003,0.14059472,0.29907346,0.13362692,91,57,109,49
Hiram W. Johnson High,Sacramento City Unified,55,314,0.4727,0.2909,0.3376,0.1401,0.36596434,0.22521478,0.26136992000000003,0.10846542,20,12,82,34
Don Antonio Lugo High,Chino Valley Unified,282,295,0.5284,0.2872,0.5627,0.2373,0.40908728,0.22235024,0.43564233999999996,0.18371766,115,63,129,54
Rancho Verde High,Val Verde Unified,471,478,0.47350000000000003,0.2144,0.4958,0.23220000000000002,0.3665837,0.16598848,0.38384836,0.17976924000000002,173,78,183,86
Los Angeles Academy of Arts and Enterprise,Los Angeles Unified,36,30,0.2222,0.19440000000000002,0.16670000000000001,0.1333,0.17202724,0.15050448000000002,0.12905914000000002,0.10320086,6,5,4,3
Rancho Dominguez Preparatory,Los Angeles Unified,40,131,0.4,0.225,0.3511,0.1603,0.30968,0.17419500000000002,0.27182162000000004,0.12410426,12,7,36,16
Animo College Preparatory Academy,Los Angeles Unified,52,60,0.28850000000000003,0.15380000000000002,0.25,0.06670000000000001,0.22335670000000002,0.11907196000000002,0.19355,0.05163914000000001,12,6,12,3
Indio High,Desert Sands Unified,174,377,0.4713,0.1322,0.3952,0.1406,0.36488046,0.10234924000000001,0.30596384,0.10885252000000001,63,18,115,41
TEACH Tech Charter High,Los Angeles Unified,46,54,0.2174,0.1522,0.25930000000000003,0.037000000000000005,0.16831108,0.11783324,0.20075006000000004,0.028645400000000005,8,5,11,2
Luis Valdez Leadership Academy,East Side Union High,34,51,0.2353,0.0882,0.5098,0.3725,0.18216926,0.06828444,0.39468716000000004,0.2883895,6,2,20,15
Jordan High,Long Beach Unified,463,486,0.2441,0.11230000000000001,0.2737,0.12140000000000001,0.18898222,0.08694266,0.21189854,0.09398788000000001,87,40,103,46
Sun Valley High,Los Angeles Unified,54,99,0.1852,0.018500000000000003,0.19190000000000002,0.0606,0.14338184,0.014322700000000002,0.14856898000000002,0.04691652,8,1,15,5
William Workman High,Hacienda la Puente Unified,206,265,0.3689,0.1893,0.3019,0.234,0.28560238,0.14655606,0.23373098,0.1811628,59,30,62,48
Animo South Los Angeles Charter,Los Angeles Unified,42,88,0.35710000000000003,0.16670000000000001,0.3295,0.1705,0.27646682,0.12905914000000002,0.2550989,0.1320011,12,5,22,12
East Los Angeles Renaissance Academy at Esteban E. Torres High No. 2,Los Angeles Unified,41,85,0.26830000000000004,0.0488,0.2706,0.1529,0.20771786000000003,0.03778096,0.20949852,0.11837518000000001,9,2,18,10
Alliance Susan and Eric Smidt Technology High,Los Angeles Unified,135,115,0.2889,0.15560000000000002,0.4,0.25220000000000004,0.22366638,0.12046552,0.30968,0.19525324000000002,30,16,36,22
John H. Francis Polytechnic,Los Angeles Unified,254,573,0.5630000000000001,0.38580000000000003,0.5183,0.2932,0.43587460000000006,0.29868636000000004,0.40126786,0.22699544000000002,111,76,230,130
Abraham Lincoln Senior High,Los Angeles Unified,127,177,0.5118,0.3386,0.49150000000000005,0.3446,0.39623556000000004,0.26214412000000004,0.38051930000000006,0.26678932,50,33,67,47
Options for Youth-Acton,Acton-Agua Dulce Unified,38,45,0.4474,0.1316,0.5556,0.1778,0.34637708,0.10188472,0.43014552,0.13765276,13,4,19,6
Calistoga Junior-Senior High,Calistoga Joint Unified,16,31,0.5,0.1875,0.5161,0.09680000000000001,0.3871,0.1451625,0.39956462,0.07494256,6,2,12,2
Augustus F. Hawkins High A Critical Design and Gaming,Los Angeles Unified,50,100,0.28,0.12000000000000001,0.14,0.07,0.21677600000000002,0.092904,0.10838800000000001,0.054194000000000006,11,5,11,5
ICEF View Park Preparatory High,Los Angeles Unified,73,25,0.3699,0.0959,0.48000000000000004,0.08,0.28637658,0.07424578,0.371616,0.061936,21,5,9,2
Panorama High,Los Angeles Unified,142,224,0.3099,0.1197,0.2723,0.0848,0.23992458,0.09267174,0.21081466,0.06565216,34,13,47,15
Sacramento Charter High,Sacramento City Unified,85,95,0.3765,0.1882,0.5263,0.2632,0.2914863,0.14570444000000002,0.40746146,0.20376944,25,12,39,19
Crawford High,San Diego Unified,168,126,0.24400000000000002,0.1369,0.5159,0.23020000000000002,0.1889048,0.10598798,0.39940978,0.17822084000000002,32,18,50,22
CATCH Prep Charter High Inc.,Los Angeles Unified,33,35,0.39390000000000003,0.09090000000000001,0.3714,0.1143,0.30495738,0.07037478000000001,0.28753788,0.08849106,10,2,10,3
Richmond High,West Contra Costa Unified,322,94,0.3012,0.1491,0.5213,0.3085,0.23318904000000001,0.11543322,0.40359046,0.2388407,75,37,38,22
Eastside High,Antelope Valley Union High,185,415,0.5622,0.09730000000000001,0.3687,0.0771,0.43525524000000004,0.07532966,0.28544754,0.05969082,81,14,118,25
Maywood Academy High,Los Angeles Unified,109,220,0.37610000000000005,0.0917,0.34090000000000004,0.1273,0.29117662000000005,0.07099414,0.26392478,0.09855566,32,8,58,22
Buena Vista High,Paramount Unified,68,63,0.029400000000000003,0.0,0.0476,0.0159,0.02276148,0.0,0.03685192,0.012309780000000001,2,0,2,1
Augustus F. Hawkins High B Community Health Advocates,Los Angeles Unified,40,87,0.2,0.0,0.1494,0.0115,0.15484,0.0,0.11566548,0.0089033,6,0,10,1
McLane High,Fresno Unified,57,284,0.4035,0.1579,0.3486,0.0915,0.3123897,0.12224618000000001,0.26988612,0.0708393,18,7,77,20
Corcoran High,Corcoran Joint Unified,49,36,0.551,0.34690000000000004,0.5556,0.16670000000000001,0.4265842,0.26856998000000004,0.43014552,0.12905914000000002,21,13,15,5
Alternatives in Action,Alameda Unified,25,26,0.24000000000000002,0.0,0.07690000000000001,0.0385,0.185808,0.0,0.05953598000000001,0.0298067,5,0,2,1
Marco Antonio Firebaugh High,Lynwood Unified,105,362,0.5429,0.1905,0.39780000000000004,0.1298,0.42031318000000006,0.1474851,0.30797676,0.10049116,44,15,111,36
Humanitas Academy of Art and Technology at Esteban E. Torres High No. 4,Los Angeles Unified,35,70,0.4857,0.0857,0.3714,0.1,0.37602894000000003,0.06634894,0.28753788,0.07742,13,2,20,5
William C. Overfelt High,East Side Union High,133,260,0.5038,0.3158,0.5115000000000001,0.3154,0.39004196,0.24449236000000002,0.39600330000000006,0.24418268,52,33,103,63
San Jose High,San Jose Unified,35,241,0.4857,0.3143,0.3859,0.166,0.37602894000000003,0.24333106000000002,0.29876378000000003,0.1285172,13,9,72,31
City Arts and Tech High,San Francisco Unified,41,48,0.3659,0.1951,0.33330000000000004,0.2083,0.28327978,0.15104642,0.25804086000000004,0.16126586,12,6,12,8
Everest Public High,Sequoia Union High,42,96,0.5,0.21430000000000002,0.45830000000000004,0.30210000000000004,0.3871,0.16591106000000003,0.35481586000000004,0.23388582000000002,16,7,34,22
Contreras Learning Center-Academic Leadership Community,Los Angeles Unified,63,84,0.1905,0.0476,0.33330000000000004,0.21430000000000002,0.1474851,0.03685192,0.25804086000000004,0.16591106000000003,9,2,22,14
Centennial High,Compton Unified,46,182,0.39130000000000004,0.06520000000000001,0.2857,0.0989,0.30294446,0.05047784,0.22118894,0.07656838,14,2,40,14
Santa Ana High,Santa Ana Unified,551,208,0.24680000000000002,0.1343,0.4904,0.3365,0.19107256,0.10397506000000001,0.37966768,0.26051830000000004,105,57,79,54
Parlier High,Parlier Unified,51,66,0.451,0.2745,0.4394,0.197,0.34916420000000004,0.2125179,0.34018348,0.1525174,18,11,22,10
Gardena Senior High,Los Angeles Unified,84,299,0.4762,0.1905,0.3411,0.12040000000000001,0.36867404000000004,0.1474851,0.26407962,0.09321368000000001,31,12,79,28
David Starr Jordan Senior High,Los Angeles Unified,27,96,0.25930000000000003,0.2222,0.2396,0.0521,0.20075006000000004,0.17202724,0.18549832,0.04033582,5,5,18,4
Cesar E. Chavez Learning Academies-Academy of Scientific Exploration (ASE),Los Angeles Unified,47,91,0.4681,0.21280000000000002,0.4505,0.2088,0.36240302,0.16474976000000002,0.3487771,0.16165296,17,8,32,15
Cesar E. Chavez Learning Academies-Technology Preparatory Academy,Los Angeles Unified,23,76,0.2174,0.043500000000000004,0.21050000000000002,0.0395,0.16831108,0.033677700000000005,0.1629691,0.0305809,4,1,12,2
Diego Rivera Learning Complex Green Design STEAM Academy,Los Angeles Unified,23,91,0.39130000000000004,0.39130000000000004,0.24180000000000001,0.1429,0.30294446,0.30294446,0.18720156000000002,0.11063318,7,7,17,10
Performing Arts Community at Diego Rivera Learning Complex,Los Angeles Unified,37,103,0.27030000000000004,0.0811,0.3301,0.1359,0.20926626000000004,0.06278762,0.25556342,0.10521377999999999,8,2,26,11
Linda Esperanza Marquez High A Huntington Park Institute of Applied Medicine,Los Angeles Unified,64,159,0.5313,0.1563,0.4591,0.22640000000000002,0.41133246,0.12100746,0.35543522,0.17527888000000003,26,8,57,28
Inglewood High,Inglewood Unified,76,27,0.3421,0.0395,0.3704,0.1111,0.26485382,0.0305809,0.28676368,0.08601362,20,2,8,2
Lawndale High,Centinela Valley Union High,220,201,0.4864,0.25,0.5622,0.3234,0.37657088,0.19355,0.43525524000000004,0.25037628,83,43,87,50
Orange Cove High,Kings Canyon Joint Unified,46,65,0.39130000000000004,0.1522,0.47690000000000005,0.1077,0.30294446,0.11783324,0.36921598000000005,0.08338134,14,5,24,5
Carson Senior High,Los Angeles Unified,92,299,0.5,0.25,0.46490000000000004,0.1973,0.3871,0.19355,0.35992558,0.15274966,36,18,108,46
Helen Bernstein High,Los Angeles Unified,43,94,0.3023,0.1163,0.2447,0.17020000000000002,0.23404066,0.09003946,0.18944674,0.13176884000000003,10,4,18,12
APEX Academy,Los Angeles Unified,46,40,0.1522,0.0217,0.17500000000000002,0.025,0.11783324,0.01680014,0.13548500000000002,0.019355,5,1,5,1
Los Angeles High School of the Arts,Los Angeles Unified,48,89,0.4375,0.2083,0.28090000000000004,0.1124,0.33871249999999997,0.16126586,0.21747278000000003,0.08702008,16,8,19,8
Contreras Learning Center-Los Angeles School of Global Studies,Los Angeles Unified,37,42,0.2162,0.1081,0.21430000000000002,0.0714,0.16738204,0.08369102,0.16591106000000003,0.05527788,6,3,7,2
Norte Vista High,Alvord Unified,125,461,0.544,0.304,0.397,0.1497,0.4211648,0.2353568,0.3073574,0.11589774,53,29,142,53
Envision Academy for Arts & Technology,Alameda County Office of Education,61,73,0.377,0.1311,0.4247,0.1918,0.2918734,0.10149762,0.32880274000000004,0.14849156,18,6,24,11
Health Careers Academy,Stockton Unified,74,71,0.3919,0.22970000000000002,0.49300000000000005,0.3662,0.30340898,0.17783374000000002,0.38168060000000004,0.28351204,22,13,27,20
Orosi High,Cutler-Orosi Joint Unified,122,113,0.3361,0.14750000000000002,0.37170000000000003,0.17700000000000002,0.26020862,0.11419450000000002,0.28777014,0.13703340000000003,32,14,33,15
Oscar De La Hoya Animo Charter High,Los Angeles Unified,81,129,0.3951,0.1605,0.4496,0.1938,0.30588642,0.1242591,0.34808032,0.15003996,25,10,45,19
Norwalk High,Norwalk-La Mirada Unified,430,443,0.43260000000000004,0.1953,0.5056,0.228,0.33491892,0.15120126,0.39143552000000004,0.1765176,144,65,173,78
Pacifica High,Oxnard Union High,491,607,0.4033,0.23420000000000002,0.4168,0.2092,0.31223486,0.18131764,0.32268656,0.16196264,153,89,196,98
John H. Glenn High,Norwalk-La Mirada Unified,279,273,0.2652,0.1505,0.4212,0.17220000000000002,0.20531784,0.1165171,0.32609304,0.13331724,57,33,89,36
Madera South High,Madera Unified,130,614,0.4615,0.20770000000000002,0.39740000000000003,0.1743,0.35729330000000004,0.16080134000000001,0.30766708000000004,0.13494306,46,21,189,83
Mission High,San Francisco Unified,131,61,0.44270000000000004,0.3053,0.541,0.2787,0.34273834000000003,0.23636326000000002,0.41884220000000005,0.21576954,45,31,26,13
Edward R. Roybal Learning Center,Los Angeles Unified,97,214,0.4536,0.2268,0.2897,0.1121,0.35117712,0.17558856,0.22428574,0.08678782,34,17,48,19
Alain Leroy Locke College Preparatory Academy,Los Angeles Unified,98,189,0.2857,0.10200000000000001,0.2434,0.08990000000000001,0.22118894,0.07896840000000001,0.18844028000000002,0.06960058000000001,22,8,36,13
Linda Esperanza Marquez High C School of Social Justice,Los Angeles Unified,60,166,0.4167,0.15,0.2711,0.10840000000000001,0.32260914,0.11613,0.20988562,0.08392328,19,7,35,14
Manual Arts Senior High,Los Angeles Unified,208,302,0.3221,0.0913,0.24500000000000002,0.0795,0.24936982,0.07068446,0.18967900000000001,0.061548900000000004,52,15,57,19
Reseda Charter High,Los Angeles Unified,294,278,0.34690000000000004,0.1701,0.3957,0.2374,0.26856998000000004,0.13169142,0.30635094,0.18379508,79,39,85,51
Theodore Roosevelt Senior High,Los Angeles Unified,116,269,0.3879,0.09480000000000001,0.28250000000000003,0.0558,0.30031218000000004,0.07339416000000001,0.21871150000000003,0.04320036,35,9,59,12
School of Business and Tourism at Contreras Learning Complex,Los Angeles Unified,86,114,0.4302,0.19770000000000001,0.3421,0.1404,0.33306084,0.15305934000000002,0.26485382,0.10869767999999999,29,13,30,12
Wilmer Amina Carter High,Rialto Unified,173,518,0.5549000000000001,0.30060000000000003,0.48650000000000004,0.2548,0.42960358000000004,0.23272452000000002,0.37664830000000005,0.19726616000000002,74,40,195,102
Eisenhower Senior High,Rialto Unified,124,476,0.4597,0.3145,0.3613,0.18910000000000002,0.35589974,0.2434859,0.27971846,0.14640122000000003,44,30,133,70
Lifeline Education Charter,Compton Unified,21,56,0.1905,0.0476,0.42860000000000004,0.1786,0.1474851,0.03685192,0.33182212000000005,0.13827212,3,1,19,8
Santee Education Complex,Los Angeles Unified,334,371,0.28140000000000004,0.09280000000000001,0.3235,0.1375,0.21785988000000003,0.07184576000000001,0.2504537,0.1064525,73,24,93,39
Felicitas and Gonzalo Mendez High,Los Angeles Unified,139,204,0.4101,0.1942,0.3971,0.201,0.31749942000000003,0.15034964,0.30743482,0.1556142,44,21,63,32
New Designs Charter School-Watts,Los Angeles Unified,25,19,0.16,0.04,0.2632,0.0526,0.123872,0.030968,0.20376944,0.04072292,3,1,4,1
Ambassador-Global Leadership,Los Angeles Unified,45,66,0.5111,0.2222,0.33330000000000004,0.1515,0.39569362,0.17202724,0.25804086000000004,0.1172913,18,8,17,8
Downtown College Prep - Alum Rock,Santa Clara County Office of Education,19,56,0.4737,0.21050000000000002,0.5357000000000001,0.25,0.36673854,0.1629691,0.41473894000000006,0.19355,7,3,23,11
Benjamin Franklin Senior High,Los Angeles Unified,158,297,0.4494,0.36710000000000004,0.4949,0.3266,0.34792548,0.28420882000000003,0.38315158,0.25285372,55,45,114,75
Communication and Technology at Diego Rivera Learning Complex,Los Angeles Unified,43,105,0.2326,0.1395,0.2,0.0857,0.18007892,0.10800090000000001,0.15484,0.06634894,8,5,16,7
Alliance Margaret M. Bloomfield Technology Academy High,Los Angeles Unified,108,98,0.3981,0.1019,0.42860000000000004,0.2041,0.30820902,0.07889098,0.33182212000000005,0.15801422,33,9,33,15
Aspire Alexander Twilight Secondary Academy,San Juan Unified,26,19,0.4615,0.15380000000000002,0.5263,0.1053,0.35729330000000004,0.11907196000000002,0.40746146,0.08152326,9,3,8,2
"Humphreys College Academy of Business, Law and Education",New Jerusalem Elementary,50,70,0.46,0.24000000000000002,0.34290000000000004,0.1429,0.356132,0.185808,0.26547318000000003,0.11063318,18,9,19,8
Leroy Greene Academy,Natomas Unified,37,78,0.4324,0.1081,0.5513,0.17950000000000002,0.33476408,0.08369102,0.42681646,0.1389689,12,3,33,11
Phineas Banning Senior High,Los Angeles Unified,176,514,0.5455,0.233,0.34240000000000004,0.14200000000000002,0.4223261,0.1803886,0.26508608,0.10993640000000002,74,32,136,57
Fremont High,Oakland Unified,43,23,0.3023,0.0698,0.4348,0.1739,0.23404066,0.05403916,0.33662216,0.13463338,10,2,8,3
Riverside County Education Academy,Riverside County Office of Education,50,44,0.04,0.02,0.25,0.0682,0.030968,0.015484,0.19355,0.05280044,2,1,9,2
Orangewood High (Continuation),Redlands Unified,44,39,0.31820000000000004,0.0455,0.2564,0.051300000000000005,0.24635044000000003,0.035226099999999996,0.19850488000000002,0.03971646,11,2,8,2
McClymonds High,Oakland Unified,45,46,0.2889,0.1111,0.2391,0.06520000000000001,0.22366638,0.08601362,0.18511122,0.05047784,10,4,9,2
Coliseum College Prep Academy,Oakland Unified,22,52,0.36360000000000003,0.09090000000000001,0.3846,0.21150000000000002,0.28149912000000005,0.07037478000000001,0.29775732,0.1637433,6,2,15,9
Madison Park Academy 6-12,Oakland Unified,28,46,0.3929,0.1429,0.36960000000000004,0.1957,0.30418318,0.11063318,0.28614432,0.15151094,9,3,13,7
San Bernardino High,San Bernardino City Unified,94,268,0.5638000000000001,0.2553,0.38430000000000003,0.14930000000000002,0.43649396000000007,0.19765326000000003,0.29752506,0.11558806,41,19,80,31
James Monroe High,Los Angeles Unified,183,361,0.43720000000000003,0.2131,0.313,0.11080000000000001,0.33848024000000004,0.16498202,0.2423246,0.08578136,62,30,87,31
San Fernando Senior High,Los Angeles Unified,192,423,0.5104000000000001,0.2917,0.383,0.20090000000000002,0.39515168000000006,0.22583414000000002,0.2965186,0.15553678,76,43,125,66
"Hilda L. Solis Learning Academy School of Technology, Business and Education",Los Angeles Unified,41,37,0.2439,0.1463,0.1892,0.1351,0.18882738000000002,0.11326546000000001,0.14647864,0.10459442,8,5,5,4
John Henry High,West Contra Costa Unified,44,54,0.5,0.29550000000000004,0.5185000000000001,0.3148,0.3871,0.22877610000000004,0.4014227000000001,0.24371816000000002,17,10,22,13
Leadership High,San Francisco Unified,42,16,0.2857,0.0714,0.4375,0.1875,0.22118894,0.05527788,0.33871249999999997,0.1451625,9,2,5,2
NAVA College Preparatory Academy,Los Angeles Unified,79,113,0.26580000000000004,0.0886,0.2389,0.061900000000000004,0.20578236000000003,0.06859412,0.18495638,0.047922980000000004,16,5,21,5
Fresno High,Fresno Unified,91,245,0.47250000000000003,0.0989,0.46530000000000005,0.1306,0.3658095,0.07656838,0.36023526000000006,0.10111052,33,7,88,25
San Pasqual Valley High,San Pasqual Valley Unified,19,17,0.3158,0.1579,0.3529,0.058800000000000005,0.24449236000000002,0.12224618000000001,0.27321518,0.04552296,5,2,5,1
Wonderful College Prep Academy,Kern County Office of Education,101,113,0.3663,0.21780000000000002,0.4248,0.2124,0.28358946,0.16862076,0.32888016000000003,0.16444008000000002,29,17,37,19
Hawthorne High,Centinela Valley Union High,199,175,0.44220000000000004,0.12560000000000002,0.5143,0.1943,0.34235124,0.09723952000000001,0.39817105999999997,0.15042706,68,19,70,26
Le Grand High,Le Grand Union High,46,65,0.4348,0.2391,0.44620000000000004,0.3385,0.33662216,0.18511122,0.34544804,0.26206670000000004,15,9,22,17
Avenal High,Reef-Sunset Unified,63,59,0.33330000000000004,0.1429,0.4576,0.30510000000000004,0.25804086000000004,0.11063318,0.35427392,0.23620842000000003,16,7,21,14
Augustus F. Hawkins High C Responsible Indigenous Social Entrepreneurship,Los Angeles Unified,28,73,0.1071,0.0357,0.1096,0.0137,0.08291682,0.02763894,0.08485232000000001,0.010606540000000001,2,1,6,1
Linda Esperanza Marquez High B LIBRA Academy,Los Angeles Unified,81,172,0.4198,0.1852,0.5058,0.2849,0.32500916,0.14338184,0.39159036,0.22056958,26,12,67,38
Visual and Performing Arts at Legacy High School Complex,Los Angeles Unified,60,98,0.45,0.0833,0.46940000000000004,0.1327,0.34839000000000003,0.06449086,0.36340948,0.10273634000000001,21,4,36,10
El Camino High (Continuation),Norwalk-La Mirada Unified,86,52,0.0814,0.011600000000000001,0.1346,0.0,0.06301988,0.008980720000000001,0.10420731999999999,0.0,5,1,5,0
Options for Youth-San Juan,San Juan Unified,28,31,0.5357000000000001,0.1429,0.4194,0.129,0.41473894000000006,0.11063318,0.32469948,0.0998718,12,3,10,3
Pomona High,Pomona Unified,130,131,0.4,0.1923,0.5191,0.3053,0.30968,0.14887866,0.40188722,0.23636326000000002,40,19,53,31
ARISE High,Oakland Unified,39,27,0.33330000000000004,0.15380000000000002,0.5185000000000001,0.1111,0.25804086000000004,0.11907196000000002,0.4014227000000001,0.08601362,10,5,11,2
Alliance Cindy and Bill Simon Technology Academy High,Los Angeles Unified,84,108,0.35710000000000003,0.11900000000000001,0.3241,0.1574,0.27646682,0.09212980000000001,0.25091822,0.12185908000000001,23,8,27,13
Indian Springs High,San Bernardino City Unified,65,353,0.4,0.15380000000000002,0.3683,0.1388,0.30968,0.11907196000000002,0.28513786,0.10745896,20,8,101,38
Maywood Center for Enriched Studies,Los Angeles Unified,57,112,0.5088,0.1754,0.3125,0.1607,0.39391296000000003,0.13579468,0.2419375,0.12441394,22,8,27,14
Robert Fulton College Preparatory,Los Angeles Unified,57,180,0.42110000000000003,0.21050000000000002,0.3667,0.1278,0.32601562,0.1629691,0.28389914,0.09894275999999999,19,9,51,18
Los Altos High,Hacienda la Puente Unified,382,382,0.46340000000000003,0.2775,0.4738,0.2539,0.35876428000000005,0.21484050000000002,0.36681596,0.19656938000000002,137,82,140,75
McFarland High,McFarland Unified,66,140,0.3788,0.1061,0.38570000000000004,0.23570000000000002,0.29326696,0.08214262,0.29860894000000004,0.18247894,19,5,42,26
PUC Triumph Charter Academy and PUC Triumph Charter High,Los Angeles Unified,61,66,0.44260000000000005,0.2295,0.4848,0.31820000000000004,0.34266092000000004,0.1776789,0.37533216,0.24635044000000003,21,11,25,16
"Crenshaw Science, Technology, Engineering, Math and Medicine Magnet",Los Angeles Unified,72,158,0.25,0.027800000000000002,0.2215,0.0506,0.19355,0.021522760000000002,0.1714853,0.03917452,14,2,27,6
Frontier High,Oxnard Union High,81,44,0.0247,0.0123,0.0227,0.0,0.01912274,0.00952266,0.01757434,0.0,2,1,1,0
Elizabeth Learning Center,Los Angeles Unified,76,190,0.3947,0.1447,0.3684,0.0789,0.30557674,0.11202674,0.28521528,0.06108438,23,9,54,12
"Oakland Military Institute, College Preparatory Academy",Oakland Unified,79,100,0.4177,0.2278,0.28,0.18000000000000002,0.32338334,0.17636276,0.21677600000000002,0.139356,26,14,22,14
Channel Islands High,Oxnard Union High,421,532,0.3634,0.1948,0.40040000000000003,0.1917,0.28134428,0.15081416,0.30998968000000005,0.14841414,118,63,165,79
Rio Mesa High,Oxnard Union High,352,403,0.4489,0.2983,0.47150000000000003,0.27790000000000004,0.34753838000000004,0.23094386,0.3650353,0.21515018000000002,122,81,147,87
Greenfield High,South Monterey County Joint Union High,106,27,0.42450000000000004,0.0849,0.5556,0.40740000000000004,0.32864790000000005,0.06572958,0.43014552,0.31540908,35,7,12,9
Erma Duncan Polytechnical High,Fresno Unified,55,256,0.5091,0.18180000000000002,0.4063,0.10550000000000001,0.39414522,0.14074956000000002,0.31455746,0.0816781,22,8,81,21
Camino Nuevo High #2,Los Angeles Unified,68,89,0.4706,0.17650000000000002,0.4944,0.1573,0.36433852,0.13664630000000003,0.38276448,0.12178166,25,9,34,11
Natomas High,Natomas Unified,78,228,0.3846,0.2051,0.2982,0.1272,0.29775732,0.15878842,0.23086644,0.09847824000000001,23,12,53,22
Washington High,Washington Unified,82,148,0.439,0.10980000000000001,0.5068,0.25680000000000003,0.3398738,0.08500716000000001,0.39236456000000003,0.19881456000000003,28,7,58,29
Birmingham Community Charter High,Los Angeles Unified,698,639,0.4097,0.2321,0.48510000000000003,0.2551,0.31718974,0.17969182,0.37556442,0.19749842,221,125,240,126
Downtown College Preparatory,San Jose Unified,56,79,0.30360000000000004,0.0714,0.3544,0.1013,0.23504712000000003,0.05527788,0.27437648,0.07842646,13,3,22,6
Engineering and Technology Academy at Esteban E. Torres High No. 3,Los Angeles Unified,48,77,0.25,0.0833,0.22080000000000002,0.12990000000000002,0.19355,0.06449086,0.17094336000000002,0.10056858000000002,9,3,13,8
Pacific High,San Bernardino City Unified,87,181,0.40230000000000005,0.1494,0.3039,0.1381,0.31146066000000006,0.11566548,0.23527938,0.10691702,27,10,43,19
King-Chavez Community High,San Diego Unified,34,30,0.17650000000000002,0.0,0.2333,0.2333,0.13664630000000003,0.0,0.18062086,0.18062086,5,0,5,5
Public Service Community at Diego Rivera Learning Complex,Los Angeles Unified,33,104,0.4242,0.09090000000000001,0.1923,0.1346,0.32841564,0.07037478000000001,0.14887866,0.10420731999999999,11,2,15,11
Vallejo High,Vallejo City Unified,69,48,0.5362,0.2174,0.5208,0.2917,0.41512604000000003,0.16831108,0.40320336,0.22583414000000002,29,12,19,11
Granite Hills High,Porterville Unified,67,82,0.5224,0.1791,0.561,0.3415,0.40444208,0.13865922,0.43432620000000005,0.2643893,27,9,36,22
Condor High,Oxnard Union High,61,58,0.16390000000000002,0.0328,0.27590000000000003,0.0172,0.12689138000000003,0.02539376,0.21360178000000002,0.01331624,8,2,12,1
Oxnard High,Oxnard Union High,395,571,0.5165000000000001,0.2911,0.4746,0.2732,0.39987430000000007,0.22536962000000002,0.36743532,0.21151144,158,89,210,121
Leuzinger High,Centinela Valley Union High,170,262,0.4471,0.2412,0.5344,0.2939,0.34614482,0.18673704,0.41373248,0.22753737999999998,59,32,108,60
Opportunities for Learning - Baldwin Park,Baldwin Park Unified,145,144,0.5517000000000001,0.1655,0.5625,0.22920000000000001,0.42712614000000004,0.1281301,0.4354875,0.17744664000000002,62,19,63,26
Dr. Maya Angelou Community High,Los Angeles Unified,97,224,0.27840000000000004,0.061900000000000004,0.125,0.0268,0.21553728000000003,0.047922980000000004,0.096775,0.02074856,21,5,22,5
Orange Vista High,Val Verde Unified,385,585,0.27790000000000004,0.1169,0.41200000000000003,0.1385,0.21515018000000002,0.09050398,0.31897040000000004,0.10722670000000001,83,35,187,63
Central City Value,Los Angeles Unified,83,48,0.3373,0.1325,0.5625,0.25,0.26113766,0.1025815,0.4354875,0.19355,22,9,21,9
Sunnyside High,Fresno Unified,193,502,0.4041,0.18130000000000002,0.4203,0.1633,0.31285422,0.14036246000000002,0.32539626,0.12642686,60,27,163,63
Huntington Park Senior High,Los Angeles Unified,130,311,0.3154,0.1077,0.30870000000000003,0.1447,0.24418268,0.08338134,0.23899554000000003,0.11202674,32,11,74,35
Desert Mirage High,Coachella Valley Unified,125,123,0.456,0.184,0.5041,0.2927,0.3530352,0.1424528,0.39027422,0.22660834000000002,44,18,48,28
Social Justice Leadership Academy at Esteban E. Torres High No. 5,Los Angeles Unified,55,71,0.4182,0.0727,0.1549,0.0845,0.32377044,0.05628434,0.11992358,0.0654199,18,3,9,5
Alliance Ted K. Tajima High,Los Angeles Unified,57,108,0.4912,0.33330000000000004,0.463,0.3148,0.38028704,0.25804086000000004,0.3584546,0.24371816000000002,22,15,39,26
Bert Corona Charter High,Los Angeles Unified,29,66,0.27590000000000003,0.1379,0.2727,0.1364,0.21360178000000002,0.10676218,0.21112434,0.10560088,6,3,14,7
Dominguez High,Compton Unified,101,320,0.3564,0.1188,0.38130000000000003,0.12810000000000002,0.27592488,0.09197496000000001,0.29520246,0.09917502000000002,28,9,94,32
School for the Visual Arts and Humanities,Los Angeles Unified,64,87,0.3906,0.0781,0.2644,0.1494,0.30240252,0.06046502,0.20469848000000002,0.11566548,19,4,18,10
James Lick High,East Side Union High,94,237,0.41490000000000005,0.2766,0.4515,0.25320000000000004,0.32121558000000006,0.21414372,0.3495513,0.19602744000000002,30,20,83,46
Fontana High,Fontana Unified,218,506,0.4358,0.23850000000000002,0.4605,0.22130000000000002,0.33739636,0.18464670000000002,0.35651910000000003,0.17133046000000002,74,40,180,87
Thirty-Second Street USC Performing Arts,Los Angeles Unified,57,73,0.5439,0.21050000000000002,0.5479,0.3425,0.42108738,0.1629691,0.42418418,0.2651635,24,9,31,19
John C. Fremont Senior High,Los Angeles Unified,85,465,0.4118,0.12940000000000002,0.23870000000000002,0.060200000000000004,0.31881556,0.10018148000000002,0.18480154000000001,0.046606840000000004,27,9,86,22
Thomas Jefferson Senior High,Los Angeles Unified,68,131,0.2353,0.1029,0.1985,0.0916,0.18216926,0.07966518,0.1536787,0.07091672,12,5,20,9
Castlemont High,Oakland Unified,46,23,0.2391,0.08700000000000001,0.39130000000000004,0.13040000000000002,0.18511122,0.06735540000000001,0.30294446,0.10095568,9,3,7,2
Bell Senior High,Los Angeles Unified,318,543,0.5157,0.2579,0.4199,0.2265,0.39925494000000006,0.19966618000000003,0.32508658,0.1753563,127,63,177,95
Lakewood High,Long Beach Unified,595,658,0.5445,0.3462,0.5228,0.2766,0.4215519,0.26802804,0.40475176,0.21414372,251,159,266,141
Nathaniel Narbonne Senior High,Los Angeles Unified,223,434,0.5157,0.33180000000000004,0.4078,0.2396,0.39925494000000006,0.25687956,0.31571876,0.18549832,89,57,137,81
Sylmar Charter High,Los Angeles Unified,182,317,0.48900000000000005,0.2912,0.40690000000000004,0.2177,0.3785838,0.22544704000000002,0.31502198000000003,0.16854334,69,41,100,53
Animo Pat Brown,Los Angeles Unified,103,101,0.4272,0.2233,0.40590000000000004,0.2376,0.33073824,0.17287886,0.31424778000000003,0.18394992000000002,34,18,32,19
Citrus Hill High,Val Verde Unified,447,367,0.40490000000000004,0.2394,0.43870000000000003,0.1962,0.31347358000000003,0.18534348,0.33964154,0.15189804,140,83,125,56
Herbert Hoover High,Fresno Unified,89,311,0.4045,0.1685,0.4148,0.15430000000000002,0.3131639,0.1304527,0.32113816,0.11945906000000002,28,12,100,37
Seaside High,Monterey Peninsula Unified,177,85,0.4294,0.2768,0.4706,0.3529,0.33244148,0.21429856,0.36433852,0.27321518,59,38,31,23
Marshall (Thurgood) High,San Francisco Unified,51,55,0.2157,0.2353,0.2364,0.1636,0.16699494,0.18216926,0.18302088,0.12665912,9,9,10,7
Lincoln High,San Diego Unified,157,137,0.4204,0.1592,0.3796,0.1825,0.32547368,0.12325264000000001,0.29388632,0.1412915,51,19,40,19
Academia Avance Charter,SBE - Academia Avance Charter,42,40,0.35710000000000003,0.1429,0.47500000000000003,0.225,0.27646682,0.11063318,0.36774500000000004,0.17419500000000002,12,5,15,7
Adelanto High,Victor Valley Union High,102,355,0.5392,0.1471,0.3831,0.09580000000000001,0.41744864,0.11388482000000001,0.29659602,0.07416836,43,12,105,26
Cesar E. Chavez Learning Academies-Social Justice Humanitas Academy,Los Angeles Unified,67,133,0.3284,0.20900000000000002,0.42860000000000004,0.1278,0.25424728,0.1618078,0.33182212000000005,0.09894275999999999,17,11,44,13
Alliance Renee and Meyer Luskin Academy High,Los Angeles Unified,127,115,0.34650000000000003,0.1575,0.2957,0.2087,0.2682603,0.1219365,0.22893094000000003,0.16157554,34,15,26,19
PUC Early College Academy for Leaders and Scholars (ECALS),Los Angeles Unified,37,68,0.4595,0.2973,0.4559,0.3088,0.35574490000000003,0.23016966,0.35295778,0.23907296,13,9,24,16
North Valley Military Institute College Preparatory Academy,Los Angeles County Office of Education,42,24,0.42860000000000004,0.1429,0.375,0.125,0.33182212000000005,0.11063318,0.290325,0.096775,14,5,7,2
Littlerock High,Antelope Valley Union High,63,296,0.5238,0.26980000000000004,0.46280000000000004,0.1486,0.40552596,0.20887916000000004,0.35829976,0.11504612,26,13,106,34
Northview High,Covina-Valley Unified,313,279,0.43770000000000003,0.262,0.45520000000000005,0.3118,0.33886734,0.2028404,0.35241584000000004,0.24139556,106,63,98,67
Alliance Patti And Peter Neuwirth Leadership Academy,Los Angeles Unified,121,129,0.32230000000000003,0.25620000000000004,0.4496,0.2558,0.24952466000000004,0.19835004000000003,0.34808032,0.19804036000000003,30,24,45,26
Animo Ralph Bunche Charter High,Los Angeles Unified,80,102,0.36250000000000004,0.125,0.48040000000000005,0.18630000000000002,0.28064750000000005,0.096775,0.37192568000000004,0.14423346,22,8,38,15
Jurupa Valley High,Jurupa Unified,68,236,0.5441,0.36760000000000004,0.5381,0.29660000000000003,0.42124222,0.28459592,0.41659702000000004,0.22962772000000004,29,19,98,54
Los Angeles Leadership Academy,Los Angeles Unified,46,39,0.36960000000000004,0.1087,0.4359,0.10260000000000001,0.28614432,0.08415554,0.33747378,0.07943292,13,4,13,3
New Designs Charter,Los Angeles Unified,67,41,0.5224,0.22390000000000002,0.4146,0.26830000000000004,0.40444208,0.17334338000000002,0.32098332,0.20771786000000003,27,12,13,9
Palomares Academy of Health Science,Pomona Unified,37,22,0.3514,0.1081,0.4091,0.36360000000000003,0.27205387999999997,0.08369102,0.31672522000000003,0.28149912000000005,10,3,7,6
Oakland International High,Oakland Unified,24,19,0.0833,0.2917,0.21050000000000002,0.42110000000000003,0.06449086,0.22583414000000002,0.1629691,0.32601562,2,5,3,6
Animo Jackie Robinson High,Los Angeles Unified,116,110,0.28450000000000003,0.2672,0.4455,0.2818,0.22025990000000004,0.20686624,0.3449061,0.21816955999999998,26,24,38,24
Alliance Ouchi-O'Donovan 6-12 Complex,Los Angeles Unified,126,140,0.42860000000000004,0.1825,0.4786,0.2786,0.33182212000000005,0.1412915,0.37053212,0.21569212000000001,42,18,52,30
Arleta High,Los Angeles Unified,147,298,0.3129,0.1837,0.3826,0.21480000000000002,0.24224718,0.14222054,0.29620892,0.16629816000000003,36,21,88,50
West Adams Preparatory High,Los Angeles Unified,173,311,0.3699,0.15030000000000002,0.2637,0.1125,0.28637658,0.11636226000000001,0.20415654,0.08709750000000001,50,20,63,27
MetWest High,Oakland Unified,18,41,0.2778,0.16670000000000001,0.3171,0.1463,0.21507276,0.12905914000000002,0.24549882,0.11326546000000001,4,2,10,5
Alliance Piera Barbaglia Shaheen Health Services Academy,Los Angeles Unified,85,66,0.2353,0.07060000000000001,0.4242,0.2121,0.18216926,0.05465852000000001,0.32841564,0.16420782,15,5,22,11
South Gate Senior High,Los Angeles Unified,250,539,0.54,0.26,0.397,0.1391,0.41806800000000005,0.201292,0.3073574,0.10769122,105,50,166,58
Woodrow Wilson Senior High,Los Angeles Unified,174,290,0.5115000000000001,0.1264,0.36210000000000003,0.19310000000000002,0.39600330000000006,0.09785888000000001,0.28033782,0.14949802,69,17,81,43
Lynwood High,Lynwood Unified,179,423,0.5419,0.21230000000000002,0.40900000000000003,0.1442,0.41953898000000006,0.16436266000000002,0.31664780000000003,0.11163964,75,29,134,47
Academies of Education and Empowerment at Carson High,Los Angeles Unified,48,136,0.4792,0.25,0.47790000000000005,0.11030000000000001,0.37099664,0.19355,0.36999018000000006,0.08539426000000001,18,9,50,12
Contreras Learning Center-School of Social Justice,Los Angeles Unified,92,104,0.2174,0.0978,0.2404,0.08650000000000001,0.16831108,0.07571676,0.18611768,0.06696830000000001,15,7,19,7
Luther Burbank High,Sacramento City Unified,123,324,0.439,0.2439,0.3549,0.14200000000000002,0.3398738,0.18882738000000002,0.27476358,0.10993640000000002,42,23,89,36
Fairvalley High (Continuation),Covina-Valley Unified,44,46,0.15910000000000002,0.0,0.1739,0.0,0.12317522000000002,0.0,0.13463338,0.0,5,0,6,0
Covina High,Covina-Valley Unified,260,266,0.4731,0.23850000000000002,0.5301,0.2632,0.36627402000000003,0.18464670000000002,0.41040342,0.20376944,95,48,109,54
Tahquitz High,Hemet Unified,282,51,0.4504,0.20570000000000002,0.549,0.2745,0.34869968,0.15925294,0.4250358,0.2125179,98,45,22,11
Los Angeles Senior High,Los Angeles Unified,229,232,0.35810000000000003,0.20520000000000002,0.3405,0.1078,0.27724102,0.15886584,0.26361510000000005,0.08345876,63,36,61,19
Sylmar Biotech Health Academy,Los Angeles Unified,30,60,0.2667,0.1,0.4,0.05,0.20647914,0.07742,0.30968,0.03871,6,2,19,2
Century High,Santa Ana Unified,368,109,0.2582,0.14400000000000002,0.5229,0.3119,0.19989843999999998,0.11148480000000001,0.40482918,0.24147298,74,41,44,26
Valley High,Elk Grove Unified,184,296,0.5,0.2717,0.40540000000000004,0.2432,0.3871,0.21035014,0.31386068,0.18828544,71,39,93,56
Susan Miller Dorsey Senior High,Los Angeles Unified,93,127,0.2366,0.0538,0.2677,0.0551,0.18317572000000001,0.04165196,0.20725334,0.04265842,17,4,26,5
James A. Garfield Senior High,Los Angeles Unified,318,602,0.4748,0.3491,0.45020000000000004,0.25420000000000004,0.36759016,0.27027322000000004,0.34854484,0.19680164000000003,117,86,210,118
East Valley Senior High,Los Angeles Unified,82,103,0.2439,0.0976,0.2427,0.068,0.18882738000000002,0.07556192,0.18789834,0.0526456,15,6,19,5
Cabrillo High,Long Beach Unified,448,473,0.3415,0.13620000000000002,0.3214,0.1078,0.2643893,0.10544604000000002,0.24882788,0.08345876,118,47,118,39
Colton High,Colton Joint Unified,86,195,0.5581,0.3256,0.5487000000000001,0.2872,0.43208102000000004,0.25207952,0.42480354000000004,0.22235024,37,22,83,43
Camino Nuevo Charter High,Los Angeles Unified,70,48,0.3286,0.057100000000000005,0.39580000000000004,0.125,0.25440212,0.04420682,0.30642836,0.096775,18,3,15,5
Moreno Valley High,Moreno Valley Unified,472,279,0.3347,0.12710000000000002,0.5484,0.21860000000000002,0.25912474,0.09840082000000001,0.42457128,0.16924012000000002,122,46,118,47
Sonia Sotomayor Arts and Sciences Academies,Los Angeles Unified,84,102,0.33330000000000004,0.131,0.3529,0.0784,0.25804086000000004,0.1014202,0.27321518,0.06069728,22,9,28,6
University Preparatory Value High,Los Angeles Unified,97,102,0.35050000000000003,0.15460000000000002,0.2647,0.1569,0.2713571,0.11969132000000002,0.20493074,0.12147198000000001,26,12,21,12
Caruthers High,Caruthers Unified,57,67,0.5088,0.21050000000000002,0.44780000000000003,0.2836,0.39391296000000003,0.1629691,0.34668676000000004,0.21956312,22,9,23,15
Calero High,East Side Union High,24,58,0.25,0.0417,0.2069,0.069,0.19355,0.03228414,0.16018198,0.0534198,5,1,9,3
Palmdale High,Antelope Valley Union High,108,428,0.463,0.1574,0.43460000000000004,0.1121,0.3584546,0.12185908000000001,0.33646732,0.08678782,39,13,144,37
John Muir High,Pasadena Unified,117,35,0.5043,0.188,0.4571,0.2857,0.39042906,0.1455496,0.35388682,0.22118894,46,17,12,8
Valley Academy of Arts and Sciences,Los Angeles Unified,107,237,0.5327000000000001,0.2617,0.5105000000000001,0.19410000000000002,0.41241634000000005,0.20260814,0.39522910000000006,0.15027222,44,22,94,36
Roosevelt High,Fresno Unified,67,250,0.3134,0.0597,0.332,0.112,0.24263428,0.04621974,0.2570344,0.0867104,16,3,64,22
Animo Leadership High,Lennox,89,145,0.5618000000000001,0.191,0.5379,0.22760000000000002,0.43494556000000006,0.1478722,0.41644218000000005,0.17620792000000002,39,13,60,26
George Washington Preparatory High,Los Angeles Unified,60,194,0.25,0.06670000000000001,0.27840000000000004,0.067,0.19355,0.05163914000000001,0.21553728000000003,0.051871400000000005,12,3,42,10
Academy for Multilingual Arts and Science at Mervyn M. Dymally High,Los Angeles Unified,31,147,0.1935,0.0645,0.1701,0.013600000000000001,0.14980770000000002,0.0499359,0.13169142,0.010529120000000001,5,2,19,2
Gompers Preparatory Academy,San Diego Unified,65,144,0.5385,0.15380000000000002,0.4167,0.1389,0.41690669999999996,0.11907196000000002,0.32260914,0.10753638,27,8,46,15
B. Roberto Cruz Leadership Academy,East Side Union High,20,37,0.2,0.05,0.27030000000000004,0.1622,0.15484,0.03871,0.20926626000000004,0.12557524,3,1,8,5
James Monroe High,Los Angeles Unified,117,367,0.5299,0.2222,0.297,0.1335,0.41024858000000003,0.17202724,0.2299374,0.10335570000000001,48,20,84,38
San Fernando Senior High,Los Angeles Unified,136,427,0.5147,0.31620000000000004,0.3302,0.1663,0.39848074000000006,0.24480204000000003,0.25564084,0.12874946,54,33,109,55
NAVA College Preparatory Academy,Los Angeles Unified,38,153,0.3421,0.1053,0.29410000000000003,0.1111,0.26485382,0.08152326,0.22769222000000003,0.08601362,10,3,35,13
San Bernardino High,San Bernardino City Unified,50,301,0.44,0.22,0.2957,0.113,0.340648,0.170324,0.22893094000000003,0.0874846,17,9,69,26
Leadership Military Academy,Riverside County Office of Education,42,78,0.11900000000000001,0.0,0.0641,0.0,0.09212980000000001,0.0,0.049626220000000006,0.0,4,0,4,0
Orangewood High (Continuation),Redlands Unified,49,29,0.1429,0.061200000000000004,0.3793,0.069,0.11063318,0.047381040000000006,0.29365406,0.0534198,5,2,9,2
Desert Hot Springs High,Palm Springs Unified,62,99,0.5161,0.2581,0.5152,0.2727,0.39956462,0.19982102,0.39886784,0.21112434,25,12,39,21
Victor Valley High,Victor Valley Union High,110,368,0.5091,0.17270000000000002,0.3043,0.14400000000000002,0.39414522,0.13370434,0.23558906000000002,0.11148480000000001,43,15,87,41
Maywood Center for Enriched Studies,Los Angeles Unified,45,224,0.5333,0.2889,0.4107,0.29910000000000003,0.41288086,0.22366638,0.31796394,0.23156322000000001,19,10,71,52
"Crenshaw Science, Technology, Engineering, Math and Medicine Magnet",Los Angeles Unified,96,107,0.2604,0.0729,0.1963,0.009300000000000001,0.20160168,0.056439180000000005,0.15197546,0.00720006,19,5,16,1
Elizabeth Learning Center,Los Angeles Unified,76,188,0.5395,0.1711,0.22340000000000002,0.11170000000000001,0.41768089999999997,0.13246562,0.17295628000000002,0.08647814000000001,32,10,33,16
Indian Springs High,San Bernardino City Unified,111,355,0.41440000000000005,0.1802,0.2958,0.14930000000000002,0.32082848,0.13951084,0.22900836,0.11558806,36,15,81,41
San Gorgonio High,San Bernardino City Unified,92,336,0.5109,0.1739,0.3482,0.1935,0.39553878000000003,0.13463338,0.26957644000000003,0.14980770000000002,36,12,91,50
Citrus High (Continuation),Fontana Unified,94,113,0.031900000000000005,0.0,0.0796,0.0177,0.024696980000000004,0.0,0.061626320000000005,0.01370334,2,0,7,2
Sotomayor Arts and Sciences Magnet,Los Angeles Unified,35,99,0.3714,0.0857,0.202,0.0606,0.28753788,0.06634894,0.1563884,0.04691652,10,2,15,5
Susan Miller Dorsey Senior High,Los Angeles Unified,52,139,0.25,0.07690000000000001,0.18710000000000002,0.014400000000000001,0.19355,0.05953598000000001,0.14485282000000002,0.01114848,10,3,20,2
James A. Garfield Senior High,Los Angeles Unified,282,548,0.4929,0.2908,0.36860000000000004,0.2701,0.38160318,0.22513736,0.28537012,0.20911142,108,63,156,115
University Preparatory Value High,Los Angeles Unified,103,114,0.2718,0.1165,0.3246,0.193,0.21042755999999999,0.0901943,0.25130532,0.14942060000000001,22,9,29,17
Palmdale High,Antelope Valley Union High,98,417,0.551,0.10200000000000001,0.38130000000000003,0.11750000000000001,0.4265842,0.07896840000000001,0.29520246,0.09096850000000001,42,8,123,38
Calero High,East Side Union High,15,60,0.33330000000000004,0.0,0.15,0.0333,0.25804086000000004,0.0,0.11613,0.025780860000000003,4,0,7,2
Eric Birch High (Continuation),Fontana Unified,67,83,0.1343,0.0,0.0482,0.0361,0.10397506000000001,0.0,0.03731644,0.02794862,7,0,3,2
East Valley Senior High,Los Angeles Unified,61,108,0.29510000000000003,0.0492,0.1852,0.0833,0.22846642000000003,0.03809064,0.14338184,0.06449086,14,2,15,7
School for the Visual Arts and Humanities,Los Angeles Unified,30,77,0.4,0.1333,0.3377,0.1429,0.30968,0.10320086,0.26144734,0.11063318,9,3,20,9
Social Justice Leadership Academy at Esteban E. Torres High No. 5,Los Angeles Unified,27,57,0.4444,0.1852,0.2982,0.21050000000000002,0.34405448,0.14338184,0.23086644,0.1629691,9,4,13,9
Dr. Maya Angelou Community High,Los Angeles Unified,107,181,0.2336,0.0187,0.1105,0.0497,0.18085312,0.01447754,0.0855491,0.03847774,19,2,15,7
Dominguez High,Compton Unified,311,344,0.30870000000000003,0.0804,0.3052,0.1134,0.23899554000000003,0.06224568,0.23628584000000002,0.08779428,74,19,81,30
Huntington Park Senior High,Los Angeles Unified,72,259,0.3194,0.16670000000000001,0.17370000000000002,0.0811,0.24727948000000002,0.12905914000000002,0.13447854,0.06278762,18,9,35,16
Orange Vista High,Val Verde Unified,542,532,0.3376,0.11810000000000001,0.3703,0.1729,0.26136992000000003,0.09143302,0.28668626,0.13385918,142,50,153,71
Thomas Jefferson Senior High,Los Angeles Unified,44,103,0.31820000000000004,0.1364,0.1942,0.0485,0.24635044000000003,0.10560088,0.15034964,0.037548700000000004,11,5,15,4
San Juan High,San Juan Unified,28,53,0.46430000000000005,0.25,0.49060000000000004,0.32080000000000003,0.35946106000000005,0.19355,0.37982252000000005,0.24836336000000003,10,5,20,13
Fontana High,Fontana Unified,511,493,0.3209,0.1703,0.37320000000000003,0.2089,0.24844078000000003,0.13184626,0.28893144000000004,0.16173038,127,67,142,80
Citrus Hill High,Val Verde Unified,358,417,0.3547,0.176,0.4053,0.18710000000000002,0.27460874,0.1362592,0.31378326,0.14485282000000002,98,49,131,60
Cesar Chavez High,Stockton Unified,415,387,0.2723,0.17350000000000002,0.2506,0.1757,0.21081466,0.13432370000000002,0.19401452,0.13602693999999999,87,56,75,53
Stagg Senior High,Stockton Unified,275,266,0.19640000000000002,0.09820000000000001,0.2669,0.1316,0.15205288,0.07602644,0.20663398000000002,0.10188472,42,21,55,27
New Open World Academy K-12,Los Angeles Unified,47,84,0.44680000000000003,0.1489,0.381,0.1905,0.34591256000000004,0.11527838,0.2949702,0.1474851,16,5,25,12
Esteban Torres East LA Performing Arts Magnet,Los Angeles Unified,29,83,0.44830000000000003,0.1379,0.3373,0.12050000000000001,0.34707386,0.10676218,0.26113766,0.0932911,10,3,22,8
Belmont Senior High,Los Angeles Unified,45,119,0.4667,0.15560000000000002,0.20170000000000002,0.09240000000000001,0.36131914,0.12046552,0.15615614000000003,0.07153608,16,5,19,9
Compton High,Compton Unified,274,320,0.30660000000000004,0.1241,0.28750000000000003,0.15,0.23736972000000003,0.09607822,0.22258250000000002,0.11613,65,26,71,37
Canoga Park Senior High,Los Angeles Unified,79,275,0.5063,0.13920000000000002,0.28,0.1236,0.39197746,0.10776864000000001,0.21677600000000002,0.09569112,31,9,60,26
Hiram W. Johnson High,Sacramento City Unified,59,278,0.3729,0.2881,0.2554,0.1439,0.28869918,0.22304702,0.19773068000000002,0.11140738,17,13,55,31
Antelope Valley High,Antelope Valley Union High,72,279,0.4722,0.1389,0.21860000000000002,0.057300000000000004,0.36557724,0.10753638,0.16924012000000002,0.044361660000000004,26,8,47,12
Buena Vista Continuation High,Chino Valley Unified,46,56,0.06520000000000001,0.0,0.0893,0.0179,0.05047784,0.0,0.06913606,0.01385818,2,0,4,1
Chino High,Chino Valley Unified,345,378,0.46380000000000005,0.22030000000000002,0.4444,0.22490000000000002,0.35907396,0.17055626000000002,0.34405448,0.17411758000000002,124,59,130,66
Silverado High,Victor Valley Union High,101,500,0.5347000000000001,0.21780000000000002,0.322,0.162,0.41396474000000005,0.16862076,0.2492924,0.12542040000000002,42,17,125,63
Edward R. Roybal Learning Center,Los Angeles Unified,100,121,0.3,0.11,0.22310000000000002,0.0579,0.23226,0.085162,0.17272402,0.04482618,23,9,21,5
Felicitas and Gonzalo Mendez High,Los Angeles Unified,126,210,0.5,0.2063,0.2762,0.1762,0.3871,0.15971746,0.21383404,0.13641404,49,20,45,29
Ambassador-Global Leadership,Los Angeles Unified,41,70,0.3902,0.2439,0.21430000000000002,0.1714,0.30209284,0.18882738000000002,0.16591106000000003,0.13269788,12,8,12,9
Manual Arts Senior High,Los Angeles Unified,112,245,0.35710000000000003,0.1607,0.2,0.098,0.27646682,0.12441394,0.15484,0.0758716,31,14,38,19
Reseda Charter High,Los Angeles Unified,271,298,0.3542,0.203,0.44630000000000003,0.2416,0.27422164,0.1571626,0.34552546,0.18704672,74,43,103,56
Theodore Roosevelt Senior High,Los Angeles Unified,73,261,0.23290000000000002,0.137,0.1724,0.0881,0.18031118000000002,0.1060654,0.13347208,0.06820702,13,8,35,18
Linda Esperanza Marquez High C School of Social Justice,Los Angeles Unified,44,139,0.3864,0.1364,0.2374,0.0791,0.29915088,0.10560088,0.18379508,0.061239220000000004,13,5,26,9
Madera South High,Madera Unified,122,646,0.5,0.16390000000000002,0.3034,0.1316,0.3871,0.12689138000000003,0.23489228,0.10188472,47,15,152,66
Henry J. Kaiser High,Fontana Unified,406,484,0.34240000000000004,0.1749,0.3388,0.219,0.26508608,0.13540758,0.26229895999999997,0.1695498,108,55,127,82
Eisenhower Senior High,Rialto Unified,169,495,0.4852,0.3432,0.2909,0.1414,0.37564184,0.26570544,0.22521478,0.10947188,63,45,111,54
John H. Glenn High,Norwalk-La Mirada Unified,57,259,0.5088,0.2807,0.3282,0.2008,0.39391296000000003,0.21731794000000001,0.25409244,0.15545936,22,12,66,40
Santee Education Complex,Los Angeles Unified,243,372,0.3004,0.1481,0.2903,0.129,0.23256968,0.11465902,0.22475026,0.0998718,57,28,84,37
School of Business and Tourism at Contreras Learning Complex,Los Angeles Unified,44,79,0.25,0.1364,0.3038,0.24050000000000002,0.19355,0.10560088,0.23520196000000002,0.1861951,9,5,19,15
Sun Valley High,Los Angeles Unified,29,39,0.2069,0.069,0.1282,0.10260000000000001,0.16018198,0.0534198,0.09925244000000001,0.07943292,5,2,4,3
East Los Angeles Renaissance Academy at Esteban E. Torres High No. 2,Los Angeles Unified,31,93,0.4516,0.2258,0.2043,0.08600000000000001,0.34962872,0.17481436,0.15816906,0.06658120000000001,11,5,15,6
William Workman High,Hacienda la Puente Unified,254,197,0.3543,0.2756,0.2995,0.3249,0.27429906,0.21336952,0.2318729,0.25153758000000004,70,54,46,50
Orestimba High,Newman-Crows Landing Unified,74,228,0.5405,0.32430000000000003,0.4474,0.2061,0.41845509999999997,0.25107306,0.34637708,0.15956262000000002,31,19,79,36
Augustus F. Hawkins High A Critical Design and Gaming,Los Angeles Unified,64,97,0.2031,0.0313,0.1753,0.061900000000000004,0.15724002,0.02423246,0.13571726,0.047922980000000004,10,2,13,5
Panorama High,Los Angeles Unified,39,175,0.2564,0.0256,0.21710000000000002,0.0743,0.19850488000000002,0.01981952,0.16807882000000002,0.05752306,8,1,29,10
Augustus F. Hawkins High C Responsible Indigenous Social Entrepreneurship,Los Angeles Unified,40,56,0.125,0.0,0.125,0.0179,0.096775,0.0,0.096775,0.01385818,4,0,5,1
Fontana A. B. Miller High,Fontana Unified,459,435,0.35950000000000004,0.1743,0.3977,0.1816,0.27832490000000004,0.13494306,0.30789934,0.14059472,128,62,134,61
Vista High,Lynwood Unified,106,15,0.037700000000000004,0.0094,0.06670000000000001,0.0,0.029187340000000003,0.00727748,0.05163914000000001,0.0,3,1,1,0
Animo College Preparatory Academy,Los Angeles Unified,64,24,0.1563,0.0313,0.2083,0.125,0.12100746,0.02423246,0.16126586,0.096775,8,2,4,2
Collegiate Charter High School of Los Angeles,Los Angeles Unified,33,34,0.5152,0.303,0.5,0.2647,0.39886784,0.2345826,0.3871,0.20493074,13,8,13,7
Don Antonio Lugo High,Chino Valley Unified,234,317,0.5085000000000001,0.20090000000000002,0.4858,0.2461,0.39368070000000005,0.15553678,0.37610636000000003,0.19053062,92,36,119,60
Leadership Military Academy - Indio,Riverside County Office of Education,15,16,0.0,0.0,0.0,0.0,0.0,0.0,0.0,0.0,0,0,0,0
Jurupa Hills High,Fontana Unified,442,415,0.4186,0.2059,0.4072,0.253,0.32408012,0.15940778,0.31525424,0.1958726,143,70,131,81
Indio High,Desert Sands Unified,109,411,0.4312,0.156,0.365,0.1168,0.33383504,0.1207752,0.282583,0.09042656,36,13,116,37
Rancho Verde High,Val Verde Unified,468,426,0.4338,0.2179,0.44370000000000004,0.2207,0.33584796,0.16869818,0.34351254000000003,0.17086594,157,79,146,73
Marco Antonio Firebaugh High,Lynwood Unified,292,326,0.3356,0.1062,0.33740000000000003,0.15030000000000002,0.25982152000000003,0.08222004000000001,0.26121508000000004,0.11636226000000001,76,24,85,38
Edison High,Stockton Unified,490,414,0.26940000000000003,0.1163,0.24150000000000002,0.128,0.20856948000000003,0.09003946,0.1869693,0.09909760000000001,102,44,77,41
Contreras Learning Center-Academic Leadership Community,Los Angeles Unified,50,98,0.34,0.22,0.35710000000000003,0.1429,0.263228,0.170324,0.27646682,0.11063318,13,9,27,11
Humanitas Academy of Art and Technology at Esteban E. Torres High No. 4,Los Angeles Unified,15,77,0.5333,0.2667,0.1948,0.1429,0.41288086,0.20647914,0.15081416,0.11063318,6,3,12,9
Augustus F. Hawkins High B Community Health Advocates,Los Angeles Unified,28,68,0.25,0.1071,0.0882,0.0441,0.19355,0.08291682,0.06828444,0.03414222,5,2,5,2
Eastside High,Antelope Valley Union High,137,450,0.45990000000000003,0.0949,0.3111,0.1044,0.35605458,0.07347158,0.24085362,0.08082648,49,10,108,36
Maywood Academy High,Los Angeles Unified,89,248,0.4607,0.21350000000000002,0.1976,0.0645,0.35667394,0.1652917,0.15298192,0.0499359,32,15,38,12
STEM Academy at Bernstein High,Los Angeles Unified,63,127,0.4762,0.3175,0.4646,0.32280000000000003,0.36867404000000004,0.2458085,0.35969332,0.24991176,23,15,46,32
George Washington Preparatory High,Los Angeles Unified,62,140,0.4355,0.1613,0.15710000000000002,0.06430000000000001,0.3371641,0.12487846,0.12162682000000001,0.04978106000000001,21,8,17,7
Soledad High,Soledad Unified,136,288,0.38970000000000005,0.0882,0.2882,0.09380000000000001,0.30170574000000006,0.06828444,0.22312444,0.07261996000000001,41,9,64,21
Health Careers Academy,Stockton Unified,126,114,0.381,0.19840000000000002,0.5526,0.2807,0.2949702,0.15360128,0.42782292,0.21731794000000001,37,19,49,25
Helen Bernstein High,Los Angeles Unified,35,118,0.3714,0.2286,0.161,0.050800000000000005,0.28753788,0.17698212,0.1246462,0.03932936,10,6,15,5
Los Angeles High School of the Arts,Los Angeles Unified,46,92,0.36960000000000004,0.1957,0.2391,0.13040000000000002,0.28614432,0.15151094,0.18511122,0.10095568,13,7,17,9
Cesar E. Chavez Learning Academies-Academy of Scientific Exploration (ASE),Los Angeles Unified,32,93,0.5625,0.3125,0.30110000000000003,0.1505,0.4354875,0.2419375,0.23311162000000002,0.1165171,14,8,22,11
Centennial High,Compton Unified,172,171,0.2384,0.0872,0.1754,0.0234,0.18456928,0.06751024,0.13579468,0.018116280000000002,32,12,23,3
Mountain Empire High,Mountain Empire Unified,39,49,0.5128,0.17950000000000002,0.5102,0.34690000000000004,0.39700976000000004,0.1389689,0.39499684,0.26856998000000004,15,5,19,13
David Starr Jordan Senior High,Los Angeles Unified,22,26,0.31820000000000004,0.0,0.2308,0.07690000000000001,0.24635044000000003,0.0,0.17868536000000002,0.05953598000000001,5,0,5,2
Linda Esperanza Marquez High A Huntington Park Institute of Applied Medicine,Los Angeles Unified,105,185,0.4571,0.2857,0.3784,0.2541,0.35388682,0.22118894,0.29295728,0.19672422,37,23,54,36
East Nicolaus High,East Nicolaus Joint Union High,35,18,0.4857,0.2,0.5556,0.16670000000000001,0.37602894000000003,0.15484,0.43014552,0.12905914000000002,13,5,8,2
Norte Vista High,Alvord Unified,138,449,0.5145000000000001,0.2681,0.343,0.1626,0.39832590000000007,0.20756302000000001,0.2655506,0.12588491999999998,55,29,119,57
Summit High,Fontana Unified,531,569,0.4539,0.2335,0.4763,0.29350000000000004,0.35140938,0.1807757,0.36875146,0.22722770000000003,187,96,210,129
Contreras Learning Center-Los Angeles School of Global Studies,Los Angeles Unified,22,69,0.2273,0.1364,0.1739,0.08700000000000001,0.17597566,0.10560088,0.13463338,0.06735540000000001,4,2,9,5
Lynwood High,Lynwood Unified,355,471,0.3831,0.13520000000000001,0.3355,0.1062,0.29659602,0.10467184000000002,0.25974410000000003,0.08222004000000001,105,37,122,39
Edward C. Merlo Institute of Environmental Studies,Stockton Unified,41,36,0.2439,0.0488,0.30560000000000004,0.19440000000000002,0.18882738000000002,0.03778096,0.23659552000000003,0.15050448000000002,8,2,9,5
Los Angeles Senior High,Los Angeles Unified,120,244,0.38330000000000003,0.1917,0.2869,0.1598,0.29675086,0.14841414,0.22211798,0.12371715999999999,36,18,54,30
Contreras Learning Center-School of Social Justice,Los Angeles Unified,94,79,0.2766,0.0745,0.1899,0.07590000000000001,0.21414372,0.0576779,0.14702058,0.058761780000000007,20,5,12,5
Sylmar Biotech Health and Engineering Magnet,Los Angeles Unified,16,46,0.3125,0.125,0.36960000000000004,0.08700000000000001,0.2419375,0.096775,0.28614432,0.06735540000000001,4,2,13,3
Luther Burbank High,Sacramento City Unified,75,368,0.48,0.1867,0.25270000000000004,0.1277,0.371616,0.14454314000000001,0.19564034000000002,0.09886534000000001,28,11,72,36
Woodrow Wilson Senior High,Los Angeles Unified,146,297,0.4726,0.274,0.36360000000000003,0.18180000000000002,0.36588692,0.2121308,0.28149912000000005,0.14074956000000002,53,31,84,42
Arleta High,Los Angeles Unified,98,289,0.46940000000000004,0.35710000000000003,0.3599,0.1869,0.36340948,0.27646682,0.27863458,0.14469798,36,27,81,42
West Adams Preparatory High,Los Angeles Unified,110,235,0.33640000000000003,0.2091,0.21280000000000002,0.0979,0.26044088000000004,0.16188522,0.16474976000000002,0.07579418,29,18,39,18
Franklin High,Stockton Unified,318,369,0.27040000000000003,0.17300000000000001,0.2222,0.1491,0.20934368000000003,0.13393660000000002,0.17202724,0.11543322,67,43,63,43
Mira Monte High,Kern High,183,48,0.388,0.1366,0.3125,0.1458,0.30038960000000003,0.10575572,0.2419375,0.11287836000000001,55,19,12,5
Cesar E. Chavez Learning Academies-Social Justice Humanitas Academy,Los Angeles Unified,62,122,0.4355,0.129,0.3934,0.2131,0.3371641,0.0998718,0.30457028,0.16498202,21,6,37,20
Adelanto High,Victor Valley Union High,75,320,0.56,0.1867,0.36560000000000004,0.1188,0.43355200000000005,0.14454314000000001,0.28304752000000005,0.09197496000000001,33,11,91,29
Weber Institute,Stockton Unified,85,93,0.4118,0.2,0.4194,0.2258,0.31881556,0.15484,0.32469948,0.17481436,27,13,30,16
UCLA Community K-12,Los Angeles Unified,56,120,0.5179,0.375,0.3417,0.225,0.40095818,0.290325,0.26454414,0.17419500000000002,22,16,32,21
Engineering and Technology Academy at Esteban E. Torres High No. 3,Los Angeles Unified,18,85,0.4444,0.16670000000000001,0.2,0.0824,0.34405448,0.12905914000000002,0.15484,0.06379408,6,2,13,5
Birmingham Community Charter High,Los Angeles Unified,614,694,0.4055,0.20850000000000002,0.44520000000000004,0.28240000000000004,0.3139381,0.16142070000000003,0.34467384,0.21863408000000004,193,99,239,152
Natomas High,Natomas Unified,55,176,0.4,0.14550000000000002,0.3523,0.1364,0.30968,0.11264610000000001,0.27275066,0.10560088,17,6,48,19
Pacific High,San Bernardino City Unified,43,177,0.39530000000000004,0.1628,0.2881,0.0734,0.30604126000000004,0.12603976,0.22304702,0.05682628000000001,13,5,39,10
